,precision,recall,f1-score,support
No prematuro,0.872093023255814,0.5905511811023622,0.704225352112676,127.0
Prematuro,0.23529411764705882,0.5925925925925926,0.3368421052631579,27.0
accuracy,0.5909090909090909,0.5909090909090909,0.5909090909090909,0.5909090909090909
macro avg,0.5536935704514364,0.5915718868474773,0.5205337286879169,154.0
weighted avg,0.7604464618828504,0.5909090909090909,0.6398140036390593,154.0
